X,Y,Z,Log_X,Sqrt_Y
39,16,42,3.6635616461296463,4.0
39,46,24,3.6635616461296463,6.782329983125268
41,30,38,3.713572066704308,5.477225575051661
38,9,14,3.6375861597263857,3.0
14,13,41,2.6390573296152584,3.605551275463989
